"Population","ClonalFraction"
"KOD",0.0526315789473685
"STE",0.1
"GOT",0
"GRO",0.777777777777778
"HOG",0.0555555555555556
"ALA",0
"YST",0.294117647058823
"FUR",0.8125
"KAR",0.0666666666666667
"KLI",0.176470588235294
"HOR",0.1875
"SLI",0
"KRA",0.555555555555556
"NYN",0.470588235294118
"BJO",0.368421052631579
